Table 5: Accuracy of Falcon-7b with Reddit random docs + Contriever retrieved docs [I,■,▲,Q]
Uses NQ-open TEST set
Context: Falcon did NOT improve in oracle setting (Table 2), but DOES improve here in RAG-in-practice setting
Wilcoxon p<0.05 (less strict than Tables 1-4)

#random\#retrieved,1,2,3,4,5,9
0,0.1568,0.1717,0.1855,0.1938,0.1942,0.1998
1,0.1551*,0.1793*,0.1897*,0.1924*,0.1976*,-
2,0.1529*,0.1762*,0.1938*,0.2011*,0.1976*,-
3,0.1599*,0.1727*,0.1911*,0.2021*,0.2118,-
4,0.1606*,0.1758*,0.1959,0.2073,0.2108,-
5,0.1627*,0.1762*,0.2000,0.2108,-,-
6,0.1651*,0.1848,0.2004,-,-,-
7,0.1675,0.1848,-,-,-,-
8,0.1682,-,-,-,-,-

* = NOT statistically significant change from base case (Wilcoxon p<0.05)
- = prompt exceeded model input limit
