Table 4: Accuracy of Llama2-7b with random docs from REDDIT and RANDOM WORDS + Contriever retrieved docs [I,■,▲,Q]
Uses NQ-open TEST set (2889 queries)
Key result: Reddit docs also improve accuracy (+9% vs Wikipedia random baseline per paper)
Key result: Random word sequences (nonsense) ALSO improve accuracy

RANDOM FROM REDDIT section
#random\#retrieved,1,2,3,4,5,8,10
0,0.1620,0.1866,0.1876,0.1866,0.1921,0.2198,0.2108
1,0.1693*,0.1931,0.1845*,0.1907,0.2008,0.2084,0.2084
2,0.1886,0.2018,0.2101,0.2143,0.2160,0.2222*,0.2219
3,0.1897,0.2108,0.2212,0.2340,0.2371,0.2326,0.2319
5,0.1897,0.2215,0.2388,0.2468,0.2409,0.2769,0.2451
8,0.2011,0.2326,0.2354,0.2489,0.2440,0.2568,0.2364
10,0.2053,0.2326,0.2451,0.2534,0.2551,0.2658,-
15,0.2240,0.2489,0.2689,0.2786,-,-,-
16,0.2240,0.2561,0.2676,-,-,-,-
17,0.2243,0.2565,-,-,-,-,-
18,0.2240,-,-,-,-,-,-

RANDOM WORDS (nonsense) section
#random\#retrieved,1,2,3,4,5,8,10
0,0.1620,0.1866,0.1876,0.1866,0.1921,0.2198,0.2108
1,0.1744,0.1924*,0.1969,0.2077,0.2091,0.2139*,0.2073*
2,0.1765,0.1855*,0.2094,0.2122,0.2181,0.2045,0.2084*
3,0.1755,0.1990,0.2166,0.2201,0.2288,0.2032,0.2156*
5,0.1862,0.2139,0.2319,0.2367,0.2232,0.2184*,0.2278
8,0.1973,0.2274,0.2319,0.2316,0.2305,0.2357,0.2412
10,0.2053,0.2271,0.2340,0.2385,0.2406,0.2499,-
15,0.2215,0.2416,0.2589,0.2634,-,-,-
16,0.2219,0.2437,0.2568,-,-,-,-
17,0.2201,0.2450,-,-,-,-,-
18,0.2177,-,-,-,-,-,-

* = NOT statistically significant change from base case (Wilcoxon p<0.01)
- = prompt exceeded model input limit
